/**New Employeedata**/
INSERT INTO EMPLOYEE (FNAME, MINIT, LNAME, SSN, BDATE, ADDRESS, SEX, SALARY, SUPER_SSN, DNO) VALUES ('Akhilesh','K','Kumar','666666619',to_date('1977-11-10', 'RRRR-MM-DD'),'450 Stone, Houston, TX','M',55000.0,888665555,1);
INSERT INTO EMPLOYEE (FNAME, MINIT, LNAME, SSN, BDATE, ADDRESS, SEX, SALARY, SUPER_SSN, DNO) VALUES ('James','D','Bond','666666614',to_date('1955-10-10', 'RRRR-MM-DD'),'123 Peachtree, Atlanta, GA','M',85000.0,888665555,1);
INSERT INTO EMPLOYEE (FNAME, MINIT, LNAME, SSN, BDATE, ADDRESS, SEX, SALARY, SUPER_SSN, DNO) VALUES ('newtonsq','D','Fremont','666666615',to_date('1953-10-09', 'RRRR-MM-DD'),'4333 Pillsbury, Milwaukee, WI','M',89000.0,888665555,1);
INSERT INTO EMPLOYEE (FNAME, MINIT, LNAME, SSN, BDATE, ADDRESS, SEX, SALARY, SUPER_SSN, DNO) VALUES ('George','w','Bush','666666616',to_date('1971-06-20', 'RRRR-MM-DD'),'291 Berry, Bellaire, TX','F',43000.0,888665555,1);
INSERT INTO EMPLOYEE (FNAME, MINIT, LNAME, SSN, BDATE, ADDRESS, SEX, SALARY, SUPER_SSN, DNO) VALUES ('Bob','B','calroni','666666617',to_date('1981-04-17', 'RRRR-MM-DD'),'8794 Garfield, Chicago, IL','M',96000.0,888665555,1);


/*DEPARTMENT DATA*/
UPDATE EMPLOYEE 	SET Dno = 5	WHERE Ssn = '666666619';
UPDATE EMPLOYEE 	SET Dno = 4	WHERE Ssn = '666666614';
UPDATE EMPLOYEE 	SET Dno = 1	WHERE Ssn = '666666615';
UPDATE EMPLOYEE 	SET Dno = 6	WHERE Ssn = '666666616';
UPDATE EMPLOYEE 	SET Dno = 7	WHERE Ssn = '666666617';

/*Project works on data*/
INSERT INTO WORKS_ON (ESSN,PNO,HOURS) VALUES ('666666619',1,10);
INSERT INTO WORKS_ON (ESSN,PNO,HOURS) VALUES ('666666614',2,20);
INSERT INTO WORKS_ON (ESSN,PNO,HOURS) VALUES ('666666615',3,30);
INSERT INTO WORKS_ON (ESSN,PNO,HOURS) VALUES ('666666616',10,40);
INSERT INTO WORKS_ON (ESSN,PNO,HOURS) VALUES ('666666617',30,50);

/*DEPEDENT DATA*/
INSERT INTO DEPENDENT(ESSN,DEPENDENT_NAME,SEX,BDATE,RELATIONSHIP) VALUES ('666666619','kumar','F',to_date('1977-11-10', 'RRRR-MM-DD'),'son');
INSERT INTO DEPENDENT(ESSN,DEPENDENT_NAME,SEX,BDATE,RELATIONSHIP) VALUES ('666666614','sam','M',to_date('1977-11-10', 'RRRR-MM-DD'),'Father');
INSERT INTO DEPENDENT(ESSN,DEPENDENT_NAME,SEX,BDATE,RELATIONSHIP) VALUES ('666666615','sonia','F',to_date('1977-11-10', 'RRRR-MM-DD'),'Mother');
INSERT INTO DEPENDENT(ESSN,DEPENDENT_NAME,SEX,BDATE,RELATIONSHIP) VALUES ('666666616','Barbera','F',to_date('1977-11-10', 'RRRR-MM-DD'),'cousin');
INSERT INTO DEPENDENT(ESSN,DEPENDENT_NAME,SEX,BDATE,RELATIONSHIP) VALUES ('666666617','Hana','F',to_date('1977-11-10', 'RRRR-MM-DD'),'Daughter');



Commit;
